organization_id_v7,privilege_type,authentication_req_v7,description_v7,overridable_flag_v7,group_membership_v7,second_prompt_settings_v7,second_prompt_req_diff_emp_v7,second_prompt_group_membership_v7,config_element_v7,create_date_v7,create_user_id_v7,update_date_v7,update_user_id_v7,record_state_v7,organization_id_v23,authentication_req_v23,description_v23,overridable_flag_v23,group_membership_v23,second_prompt_settings_v23,second_prompt_req_diff_emp_v23,second_prompt_group_membership_v23,config_element_v23,create_user_id_v23,create_date_v23,update_user_id_v23,update_date_v23,record_state_v23
1.0,ACCEPT_WARRANTY_NOT_ON_FILE,0.0,Who is allowed to accept a not-on-file warranty?,0.0,AAA=,NO_PROMPT,0.0,AAA=,*,,,,,,1.0,0.0,Who is allowed to accept a not-on-file warranty?,1.0,AAA=,NO_PROMPT,0.0,AAA=,*,SLT_DATA,2024-06-20 02:42:36.900,SLT_DATA,2024-06-20 02:42:36.900,
1.0,ACCESS_OTHER_TILLS,0.0,Who is allowed to access a till assigned to another individual?  (applies to Till Accountability only),0.0,AAA=,NO_PROMPT,0.0,AAA=,*,,,,,,1.0,0.0,Who is allowed to access a till assigned to another individual?  (applies to Till Accountability only),0.0,AAA=,NO_PROMPT,0.0,AAA=,*,SLT_DATA,2024-06-20 02:42:36.900,SLT_DATA,2024-06-20 02:42:36.900,
,ACTIVATE_SELF_CHECKOUT,,,,,,,,,,,,,,1.0,0.0,Activate Self Checkout,0.0,AAA=,NO_PROMPT,0.0,AAA=,*,SLT_DATA,2024-06-20 02:42:36.900,SLT_DATA,2024-06-20 02:42:36.900,
1.0,ADD_COUPON,0.0,Who is allowed to add a coupon to a transaction?,0.0,fwA=,NO_PROMPT,0.0,fwA=,*,,,,,,1.0,0.0,Who is allowed to add a coupon to a transaction?,0.0,fwA=,NO_PROMPT,0.0,fwA=,*,SLT_DATA,2024-06-20 02:42:36.900,SLT_DATA,2024-06-20 02:42:36.900,
1.0,ADD_DISCOUNT,0.0,Who is allowed to add a discount to a transaction?,0.0,fwA=,NO_PROMPT,0.0,fwA=,*,,,,,,1.0,0.0,Who is allowed to add a discount to a transaction?,0.0,fwA=,NO_PROMPT,0.0,fwA=,*,SLT_DATA,2024-06-20 02:42:36.900,SLT_DATA,2024-06-20 02:42:36.900,
1.0,ADMINISTRATIVE_WORK_CODE,0.0,"Who is allowed to use the work codes that have the ""Administrative Work Code"" privilege assigned to them?",0.0,fwA=,NO_PROMPT,0.0,fwA=,*,,,,,,1.0,0.0,"Who is allowed to use the work codes that have the ""Administrative Work Code"" privilege assigned to them?",0.0,fwA=,NO_PROMPT,0.0,fwA=,*,SLT_DATA,2024-06-20 02:42:36.900,SLT_DATA,2024-06-20 02:42:36.900,
1.0,ALLOW_EMPLOYEE_SALE,0.0,Who is allowed to ring employee sales?,0.0,fAA=,NO_PROMPT,0.0,fAA=,*,,,,,,1.0,0.0,Who is allowed to ring employee sales?,0.0,fAA=,NO_PROMPT,0.0,fAA=,*,SLT_DATA,2024-06-20 02:42:36.900,SLT_DATA,2024-06-20 02:42:36.900,
1.0,ALLOW_OVERSELL,0.0,Who is allowed to sell items that have no on-hand inventory (if enforced)?,0.0,fwA=,NO_PROMPT,0.0,fwA=,*,,,,,,,,,,,,,,,,,,,
1.0,ASSOCIATE_ADVANCE,0.0,Who is allowed to give payroll advances to someone else?,0.0,AAA=,NO_PROMPT,0.0,AAA=,*,,,,,,1.0,0.0,Who is allowed to give payroll advances to someone else?,0.0,AAA=,NO_PROMPT,0.0,AAA=,*,SLT_DATA,2024-06-20 02:42:36.900,SLT_DATA,2024-06-20 02:42:36.900,
,ASSOCIATE_MAINTAIN,,,,,,,,,,,,,,1.0,0.0,Associate Maintenance,0.0,eAA=,NO_PROMPT,0.0,eAA=,*,SLT_DATA,2024-06-20 02:42:36.900,SLT_DATA,2024-06-20 02:42:36.900,
1.0,ASSOCIATE_SELF_ADVANCE,0.0,Who is allowed to give payroll advances to themselves?,0.0,AAA=,NO_PROMPT,0.0,AAA=,*,,,,,,1.0,0.0,Who is allowed to give payroll advances to themselves?,0.0,AAA=,NO_PROMPT,0.0,AAA=,*,SLT_DATA,2024-06-20 02:42:36.900,SLT_DATA,2024-06-20 02:42:36.900,
,ATTACH_CASHDRAWER_TILL,,,,,,,,,,,,,,1.0,0.0,Who is allowed to attach a till (Till Accountability only)?,1.0,AQA=,NO_PROMPT,0.0,AQA=,*,SLT_DATA,2024-06-20 02:42:36.900,SLT_DATA,2024-06-20 02:42:36.900,
1.0,ATTACH_OTHER_TILL,0.0,Who is allowed to attach a till assigned to another user?  (applies to Till Accountability only),0.0,AAA=,NO_PROMPT,0.0,AAA=,*,,,,,,1.0,0.0,Who is allowed to attach a till assigned to another user?  (applies to Till Accountability only),0.0,AAA=,NO_PROMPT,0.0,AAA=,*,SLT_DATA,2024-06-20 02:42:36.900,SLT_DATA,2024-06-20 02:42:36.900,
1.0,ATTACH_TILL,0.0,Who is allowed to attach a till assigned to themselves?  (applies to Till Accountability only),0.0,AAA=,NO_PROMPT,0.0,AAA=,*,,,,,,1.0,0.0,Who is allowed to attach a till assigned to themselves?  (applies to Till Accountability only),1.0,AAA=,NO_PROMPT,0.0,AAA=,*,SLT_DATA,2024-06-20 02:42:36.900,SLT_DATA,2024-06-20 02:42:36.900,
,AT_ACTIVATE_REGISTER,,,,,,,,,,,,,,1.0,1.0,Perform the register activation process,1.0,UAA=,NO_PROMPT,0.0,UAA=,*,SLT_DATA,2024-06-20 02:42:36.913,SLT_DATA,2024-06-20 02:42:36.913,
,AT_AUTHORITY_AUDIT,,,,,,,,,,,,,,1.0,1.0,Perform the authority audit process,1.0,AQA=,NO_PROMPT,0.0,AQA=,*,SLT_DATA,2024-06-20 02:42:36.900,SLT_DATA,2024-06-20 02:42:36.900,
,AT_DEACTIVATE_REGISTER,,,,,,,,,,,,,,1.0,1.0,Who is allowed to deactivate a register?,1.0,UAA=,NO_PROMPT,0.0,UAA=,*,SLT_DATA,2024-06-20 02:42:36.913,SLT_DATA,2024-06-20 02:42:36.913,
1.0,BANK_DEPOSIT,0.0,Who is allowed to perform a bank deposit?,0.0,fAA=,NO_PROMPT,0.0,fAA=,*,,,,,,,,,,,,,,,,,,,
1.0,BLIND_RETURNS_AMOUNT_THRESHOLD,0.0,Who is allowed to exceed the threshold amount for Blind Returns?,0.0,fwA=,NO_PROMPT,1.0,fwA=,*,,,,,,1.0,0.0,Who is allowed to exceed the threshold amount for Blind Returns?,1.0,fwA=,NO_PROMPT,0.0,fwA=,*,SLT_DATA,2024-06-20 02:42:36.910,SLT_DATA,2024-06-20 02:42:36.910,
1.0,CANCEL_INVENTORY_COUNT,0.0,Who is allowed to cancel an inventory count?,0.0,AAA=,NO_PROMPT,0.0,AAA=,*,,,,,,1.0,0.0,Who is allowed to cancel an inventory count?,1.0,AAA=,NO_PROMPT,0.0,AAA=,*,SLT_DATA,2024-06-20 02:42:36.900,SLT_DATA,2024-06-20 02:42:36.900,
1.0,CASH_PICKUP,0.0,Who is allowed to perform a cash pickup (Register to Store Bank)?,0.0,fAA=,NO_PROMPT,0.0,fAA=,*,,,,,,1.0,0.0,Who is allowed to perform a cash pickup (Register to Store Bank)?,0.0,fAA=,NO_PROMPT,0.0,fAA=,*,SLT_DATA,2024-06-20 02:42:36.900,SLT_DATA,2024-06-20 02:42:36.900,
1.0,CASH_REFUND_EXCEEDS_AVAILABLE_CASH,0.0,Who is allowed to give cash refunds for an amount greater than the available cash in the register?,0.0,fAA=,NO_PROMPT,0.0,fAA=,*,,,,,,1.0,0.0,Who is allowed to give cash refunds for an amount greater than the available cash in the register?,1.0,fgA=,NO_PROMPT,0.0,fgA=,*,SLT_DATA,2024-06-20 02:42:36.900,SLT_DATA,2024-06-20 02:42:36.900,
1.0,CASH_TRANSFER,0.0,Who is allowed to perform a cash transfer (Store Bank to Register)?,0.0,fAA=,NO_PROMPT,0.0,fAA=,*,,,,,,1.0,0.0,Who is allowed to perform a cash transfer (Store Bank to Register)?,0.0,fAA=,NO_PROMPT,0.0,fAA=,*,SLT_DATA,2024-06-20 02:42:36.900,SLT_DATA,2024-06-20 02:42:36.900,
1.0,CHANGE_OTHERS_PASSWORD,0.0,Who is allowed to change the password of another person?,0.0,eAA=,NO_PROMPT,0.0,eAA=,*,,,,,,1.0,0.0,Who is allowed to change the password of another person?,0.0,eAA=,NO_PROMPT,0.0,eAA=,*,SLT_DATA,2024-06-20 02:42:36.900,SLT_DATA,2024-06-20 02:42:36.900,
1.0,CHANGE_OTHERS_QUESTIONS,0.0,Who is allowed to change the challenge questions of another person?,0.0,eAA=,NO_PROMPT,0.0,eAA=,*,,,,,,1.0,0.0,Who is allowed to change the challenge questions of another person?,0.0,eAA=,NO_PROMPT,0.0,eAA=,*,SLT_DATA,2024-06-20 02:42:36.903,SLT_DATA,2024-06-20 02:42:36.903,
1.0,CHANGE_PRICE,0.0,Who is allowed to change the price of an item in a transaction?  (via price override),0.0,fwA=,NO_PROMPT,0.0,fwA=,*,,,,,,1.0,0.0,Who is allowed to change the price of an item in a transaction?  (via price change),1.0,fwA=,NO_PROMPT,0.0,fwA=,*,SLT_DATA,2024-06-20 02:42:36.903,SLT_DATA,2024-06-20 02:42:36.903,
1.0,CHANGE_QUANTITY,0.0,Who is allowed to change the quantity of an item in a transaction?,0.0,fwA=,NO_PROMPT,0.0,fwA=,*,,,,,,1.0,0.0,Who is allowed to change the quantity of an item in a transaction?,0.0,fwA=,NO_PROMPT,0.0,fwA=,*,SLT_DATA,2024-06-20 02:42:36.903,SLT_DATA,2024-06-20 02:42:36.903,
1.0,CHANGE_SPECIAL_ORDER_EXPECTED_DATE,0.0,Who is allowed to change the system generated expected arrival date on special orders?,0.0,AAA=,NO_PROMPT,0.0,AAA=,*,,,,,,1.0,0.0,Who is allowed to change the system generated expected arrival date on special orders?,1.0,AAA=,NO_PROMPT,0.0,AAA=,*,SLT_DATA,2024-06-20 02:42:36.903,SLT_DATA,2024-06-20 02:42:36.903,
1.0,CHANGE_TAX,0.0,"Who is allowed to access the ""Change Tax"" submenu? (below)",1.0,fAA=,NO_PROMPT,0.0,fAA=,*,,,,,,1.0,0.0,"Who is allowed to access the ""Change Tax"" submenu? (below)",1.0,fgA=,NO_PROMPT,0.0,fgA=,*,SLT_DATA,2024-06-20 02:42:36.903,SLT_DATA,2024-06-20 02:42:36.903,
1.0,CHANGE_TAX_BY_AMOUNT,0.0,Who is allowed to change the default tax rate to a specific amount?,0.0,fwA=,NO_PROMPT,0.0,fwA=,*,,,,,,1.0,0.0,Who is allowed to change the default tax rate to a specific amount?,0.0,fwA=,NO_PROMPT,0.0,fwA=,*,SLT_DATA,2024-06-20 02:42:36.903,SLT_DATA,2024-06-20 02:42:36.903,
1.0,CHANGE_TAX_BY_PERCENT,0.0,Who is allowed to change the default tax rate to a specific percentage?,0.0,fwA=,NO_PROMPT,0.0,fwA=,*,,,,,,1.0,0.0,Who is allowed to change the default tax rate to a specific percentage?,0.0,fwA=,NO_PROMPT,0.0,fwA=,*,SLT_DATA,2024-06-20 02:42:36.903,SLT_DATA,2024-06-20 02:42:36.903,
1.0,CHANGE_TAX_LOCATION,0.0,"Who is allowed to change the default tax location? (i.e. to another store, zip code)",0.0,fwA=,NO_PROMPT,0.0,fwA=,*,,,,,,1.0,0.0,"Who is allowed to change the default tax location? (i.e. to another store, zip code)",0.0,fwA=,NO_PROMPT,0.0,fwA=,*,SLT_DATA,2024-06-20 02:42:36.903,SLT_DATA,2024-06-20 02:42:36.903,
1.0,CHANGE_TAX_TO_EXEMPT,0.0,Who is allowed to change the default tax rate to tax exempt?,0.0,PwA=,NO_PROMPT,0.0,PwA=,*,,,,,,1.0,0.0,Who is allowed to change the default tax rate to tax exempt?,0.0,fwA=,NO_PROMPT,0.0,fwA=,*,SLT_DATA,2024-06-20 02:42:36.903,SLT_DATA,2024-06-20 02:42:36.903,
1.0,CHANGE_TILL_FLOAT,0.0,Who is allowed to change the nightly till/register float amount?,0.0,fAA=,NO_PROMPT,0.0,fAA=,*,,,,,,1.0,0.0,Who is allowed to change the nightly till/register float amount?,0.0,fAA=,NO_PROMPT,0.0,fAA=,*,SLT_DATA,2024-06-20 02:42:36.903,SLT_DATA,2024-06-20 02:42:36.903,
1.0,CHANGE_VERIFIED_RETURN_ITEM_PRICE,0.0,Who is allowed to change the price of a verified return item?  (via price override),0.0,fwA=,NO_PROMPT,0.0,fwA=,*,,,,,,1.0,0.0,Who is allowed to change the price of a verified return item?  (via price override),0.0,fwA=,NO_PROMPT,0.0,fwA=,*,SLT_DATA,2024-06-20 02:42:36.903,SLT_DATA,2024-06-20 02:42:36.903,
1.0,CHECK_FOR_UPDATES,0.0,"Who is allowed to run the ""Check for Updates"" function?",0.0,YAA=,NO_PROMPT,0.0,YAA=,*,,,,,,1.0,0.0,"Who is allowed to run the ""Check for Updates"" function?",1.0,YAA=,NO_PROMPT,0.0,YAA=,*,SLT_DATA,2024-06-20 02:42:36.910,SLT_DATA,2024-06-20 02:42:36.910,
,CHEETAH_CLIENT_DEVICE_ACCESS,,,,,,,,,,,,,,1.0,0.0,Who is allowed to have access to mobile device?,0.0,fwA=,NO_PROMPT,0.0,fwA=,*,SLT_DATA,2024-06-20 02:42:36.907,SLT_DATA,2024-06-20 02:42:36.907,
1.0,CLOSE_WITH_SUSPENDED_TRANS,0.0,Who is allowed to close the store with suspended transactions?,0.0,fAA=,NO_PROMPT,0.0,fAA=,*,,,,,,1.0,0.0,Who is allowed to close the store with suspended transactions?,1.0,fAA=,NO_PROMPT,0.0,fAA=,*,SLT_DATA,2024-06-20 02:42:36.903,SLT_DATA,2024-06-20 02:42:36.903,
1.0,COMPLETE_INVENTORY_COUNT,0.0,Who is allowed to complete an inventory count?,0.0,AAA=,NO_PROMPT,0.0,AAA=,*,,,,,,1.0,0.0,Who is allowed to complete an inventory count?,1.0,AAA=,NO_PROMPT,0.0,AAA=,*,SLT_DATA,2024-06-20 02:42:36.903,SLT_DATA,2024-06-20 02:42:36.903,
1.0,COUPON_REDEEM_FORCE,0.0,Who is allowed to redeem a coupon rejected by Relate?,0.0,fwA=,NO_PROMPT,0.0,fwA=,*,,,,,,1.0,0.0,Who is allowed to redeem a coupon rejected by Customer Engagement?,1.0,fwA=,NO_PROMPT,0.0,fwA=,*,SLT_DATA,2024-06-20 02:42:36.903,SLT_DATA,2024-06-20 02:42:36.903,
1.0,COUPON_REDEEM_OFFLINE,0.0,Who is allowed to redeem a coupon when Relate is offline?,0.0,fwA=,NO_PROMPT,0.0,fwA=,*,,,,,,1.0,0.0,Who is allowed to redeem a coupon when Customer Engagement is offline?,1.0,fwA=,NO_PROMPT,0.0,fwA=,*,SLT_DATA,2024-06-20 02:42:36.903,SLT_DATA,2024-06-20 02:42:36.903,
1.0,CREATE_CUSTOMER,0.0,Who is allowed to add new customers?,0.0,fwA=,NO_PROMPT,0.0,fwA=,*,,,,,,1.0,0.0,Who is allowed to add new customers?,0.0,fwA=,NO_PROMPT,0.0,fwA=,*,SLT_DATA,2024-06-20 02:42:36.903,SLT_DATA,2024-06-20 02:42:36.903,
,CREATE_INVENTORY_COUNT,,,,,,,,,,,,,,1.0,0.0,Who is allowed to Create Inventory Count?,1.0,WAA=,NO_PROMPT,0.0,WAA=,*,SLT_DATA,2024-06-20 02:42:36.903,SLT_DATA,2024-06-20 02:42:36.903,
1.0,CREATE_SPEC_ORDER,0.0,Who is allowed to create new special orders?,0.0,AAA=,NO_PROMPT,0.0,AAA=,*,,,,,,1.0,0.0,Who is allowed to create new special orders?,0.0,AAA=,NO_PROMPT,0.0,AAA=,*,SLT_DATA,2024-06-20 02:42:36.903,SLT_DATA,2024-06-20 02:42:36.903,
,CUSTOMER_NOT_PRESENT_TENDER_MANAGER_OVERRIDE,,,,,,,,,,,,,,1.0,0.0,Customer not present tender Manager Override,1.0,AAA=,NO_PROMPT,0.0,AAA=,*,SLT_DATA,2024-06-20 02:42:36.913,SLT_DATA,2024-06-20 02:42:36.913,
1.0,CUST_ASSOC,0.0,Who is allowed to associate a customer to a transaction?,0.0,fwA=,NO_PROMPT,0.0,fwA=,*,,,,,,1.0,0.0,Who is allowed to associate a customer to a transaction?,0.0,fwA=,NO_PROMPT,0.0,fwA=,*,SLT_DATA,2024-06-20 02:42:36.903,SLT_DATA,2024-06-20 02:42:36.903,
1.0,DELETE_CUSTOMER,0.0,Who is allowed to delete a customer?,0.0,AAA=,NO_PROMPT,0.0,AAA=,*,,,,,,1.0,0.0,Who is allowed to delete a customer?,0.0,AAA=,NO_PROMPT,0.0,AAA=,*,SLT_DATA,2024-06-20 02:42:36.903,SLT_DATA,2024-06-20 02:42:36.903,
,DE_EXPORT_DSFINVK,,,,,,,,,,,,,,1.0,0.0,Generate DSFinV-K data for Germany,0.0,AAA=,NO_PROMPT,0.0,AAA=,*,SLT_DATA,2024-06-20 02:42:36.913,SLT_DATA,2024-06-20 02:42:36.913,
,DE_GENERATE_GOBD,,,,,,,,,,,,,,1.0,0.0,Generate GoBD data for Germany,0.0,AAA=,NO_PROMPT,0.0,AAA=,*,SLT_DATA,2024-06-20 02:42:36.913,SLT_DATA,2024-06-20 02:42:36.913,
1.0,DISABLE_CUST_MSR,0.0,Who is allowed to disable the MSR (Credit Card swipe) device?,0.0,YAA=,NO_PROMPT,0.0,YAA=,*,,,,,,1.0,0.0,Who is allowed to disable the MSR (Credit Card swipe) device?,0.0,cAA=,NO_PROMPT,0.0,cAA=,*,SLT_DATA,2024-06-20 02:42:36.903,SLT_DATA,2024-06-20 02:42:36.903,
1.0,DISABLE_MICR,0.0,Who is allowed to disable the MICR (Check Reader) device?,0.0,AAA=,NO_PROMPT,0.0,AAA=,*,,,,,,1.0,0.0,Who is allowed to disable the MICR (Check Reader) device?,0.0,cAA=,NO_PROMPT,0.0,cAA=,*,SLT_DATA,2024-06-20 02:42:36.903,SLT_DATA,2024-06-20 02:42:36.903,
1.0,DISABLE_VALIDATION_PRINTER,0.0,Who is allowed to disable the Check Franking device?,0.0,AAA=,NO_PROMPT,0.0,AAA=,*,,,,,,1.0,0.0,Who is allowed to disable the Check Franking device?,0.0,cAA=,NO_PROMPT,0.0,cAA=,*,SLT_DATA,2024-06-20 02:42:36.903,SLT_DATA,2024-06-20 02:42:36.903,
1.0,DISCOUNT_EXCEED_MAX_THRESHOLD,0.0,Who is allowed to change a discount to an amount greater than the set maximum?  (assuming a maximum was set),0.0,fAA=,NO_PROMPT,0.0,fAA=,*,,,,,,1.0,0.0,Who is allowed to change a discount to an amount greater than the set maximum?  (assuming a maximum was set),1.0,fAA=,NO_PROMPT,0.0,fAA=,*,SLT_DATA,2024-06-20 02:42:36.903,SLT_DATA,2024-06-20 02:42:36.903,
1.0,EDIT_CUSTOMER,0.0,Who is allowed to edit customer information?,0.0,fwA=,NO_PROMPT,0.0,fwA=,*,,,,,,1.0,0.0,Who is allowed to edit customer information?,0.0,fwA=,NO_PROMPT,0.0,fwA=,*,SLT_DATA,2024-06-20 02:42:36.903,SLT_DATA,2024-06-20 02:42:36.903,
1.0,EDIT_LAYAWAY_ITEM,0.0,Who is allowed to edit layaway item information?,0.0,AAA=,NO_PROMPT,0.0,AAA=,*,,,,,,1.0,0.0,Who is allowed to edit layaway item information?,0.0,AAA=,NO_PROMPT,0.0,AAA=,*,SLT_DATA,2024-06-20 02:42:36.903,SLT_DATA,2024-06-20 02:42:36.903,
,EDIT_TEMP_STORE_REQUESTS,,,,,,,,,,,,,,1.0,0.0,Create/Edit temporary store requests,1.0,fAA=,NO_PROMPT,0.0,fAA=,*,SLT_DATA,2024-06-20 02:42:36.900,SLT_DATA,2024-06-20 02:42:36.900,
1.0,EJOURNAL_ADD_COMMENT,0.0,Who is allowed to add comments to the Electronic Journal?,0.0,AQA=,NO_PROMPT,0.0,AQA=,*,,,,,,1.0,0.0,Who is allowed to add comments to the Electronic Journal?,0.0,AAA=,NO_PROMPT,0.0,AAA=,*,SLT_DATA,2024-06-20 02:42:36.903,SLT_DATA,2024-06-20 02:42:36.903,
1.0,EJOURNAL_GIFT_RECEIPT,0.0,Who is allowed to print a gift receipt via the Electronic Journal?,0.0,fwA=,NO_PROMPT,0.0,fwA=,*,,,,,,1.0,0.0,Who is allowed to print a gift receipt via the Electronic Journal?,0.0,fwA=,NO_PROMPT,0.0,fwA=,*,SLT_DATA,2024-06-20 02:42:36.903,SLT_DATA,2024-06-20 02:42:36.903,
1.0,EJOURNAL_POST_VOID,0.0,Who is allowed to perform a Post Void via the Electronic Journal?,0.0,fAA=,REQUIRE_GRP_MEMBERSHIP,1.0,fwA=,*,,,,,,1.0,0.0,Who is allowed to perform a Post Void via the Electronic Journal?,0.0,AAA=,NO_PROMPT,0.0,AAA=,*,SLT_DATA,2024-06-20 02:42:36.903,SLT_DATA,2024-06-20 02:42:36.903,
1.0,EJOURNAL_REBATE_RECEIPT,0.0,Who is allowed to reprint a rebate receipt via the Electronic Journal?,0.0,AAA=,NO_PROMPT,0.0,AAA=,*,,,,,,1.0,0.0,Who is allowed to reprint a rebate receipt via the Electronic Journal?,0.0,AAA=,NO_PROMPT,0.0,AAA=,*,SLT_DATA,2024-06-20 02:42:36.903,SLT_DATA,2024-06-20 02:42:36.903,
1.0,EJOURNAL_REPRINT_RECEIPT,0.0,Who is allowed to reprint a receipt via the Electronic Journal?,0.0,fAA=,NO_PROMPT,0.0,fAA=,*,,,,,,1.0,0.0,Who is allowed to reprint a receipt via the Electronic Journal?,0.0,fAA=,NO_PROMPT,0.0,fAA=,*,SLT_DATA,2024-06-20 02:42:36.903,SLT_DATA,2024-06-20 02:42:36.903,
1.0,EJOURNAL_UPDATE_COMMENT,0.0,Who is allowed to change comments in the Electronic Journal?,0.0,AAA=,NO_PROMPT,0.0,AAA=,*,,,,,,,,,,,,,,,,,,,
1.0,EMPLOYEE_MAINT_ACCESS,0.0,Who is allowed to access employee maintenance?,0.0,fAA=,NO_PROMPT,0.0,fAA=,*,,,,,,,,,,,,,,,,,,,
1.0,END_COUNT_OTHER_TILL,0.0,Who is allowed to count till assigned to another user?  (applies to Till Accountability only),0.0,AAA=,NO_PROMPT,0.0,AAA=,*,,,,,,1.0,0.0,Who is allowed to count till assigned to another user?  (applies to Till Accountability only),0.0,AAA=,NO_PROMPT,0.0,AAA=,*,SLT_DATA,2024-06-20 02:42:36.903,SLT_DATA,2024-06-20 02:42:36.903,
,END_OF_DAY_PROCESS,,,,,,,,,,,,,,1.0,0.0,Who is allowed to Perform the End-Of-Day process?,0.0,fAA=,NO_PROMPT,0.0,fAA=,*,SLT_DATA,2024-06-20 02:42:36.913,SLT_DATA,2024-06-20 02:42:36.913,
,FISCAL_PRINTER_OVERRIDE,,,,,,,,,,,,,,1.0,0.0,Override a blocking message about Fiscal Printer,0.0,AAA=,NO_PROMPT,0.0,AAA=,*,SLT_DATA,2024-06-20 02:42:36.903,SLT_DATA,2024-06-20 02:42:36.903,
1.0,FLIGHT_INFO_ENTRY_MANAGER_OVERRIDE,0.0,Who is allowed to override for entering flight information?,0.0,AAA=,NO_PROMPT,0.0,AAA=,*,,,,,,1.0,0.0,Who is allowed to override for entering flight information?,0.0,AAA=,NO_PROMPT,0.0,AAA=,*,SLT_DATA,2024-06-20 02:42:36.910,SLT_DATA,2024-06-20 02:42:36.910,
1.0,FORCE_CLOSE_WORKSTATION,0.0,Who is allowed to force a register close?,0.0,fAA=,NO_PROMPT,0.0,fAA=,*,,,,,,,,,,,,,,,,,,,
1.0,FOREIGN_CURRENCY_MAINT,0.0,Who is allowed to maintain foreign currency exchange rates?,0.0,AAA=,NO_PROMPT,0.0,AAA=,*,,,,,,1.0,0.0,Who is allowed to maintain foreign currency exchange rates?,0.0,AAA=,NO_PROMPT,0.0,AAA=,*,SLT_DATA,2024-06-20 02:42:36.903,SLT_DATA,2024-06-20 02:42:36.903,
,FR_ARCHIVE_STORE,,,,,,,,,,,,,,1.0,0.0,Who is allowed to archive a store for France?,0.0,AAA=,NO_PROMPT,0.0,AAA=,*,SLT_DATA,2024-06-20 02:42:36.900,SLT_DATA,2024-06-20 02:42:36.900,
,FR_DATABASE_TAMPERING_CHECK_ERROR,,,,,,,,,,,,,,1.0,0.0,Accept Database Tampering Check Error,1.0,AAA=,NO_PROMPT,0.0,AAA=,*,SLT_DATA,2024-06-20 02:42:36.900,SLT_DATA,2024-06-20 02:42:36.900,
,FR_INSERT_JET_COMMENT,,,,,,,,,,,,,,1.0,0.0,Insert a comment into Jet log file,1.0,AAA=,NO_PROMPT,0.0,AAA=,*,SLT_DATA,2024-06-20 02:42:36.900,SLT_DATA,2024-06-20 02:42:36.900,
,FR_JET_REPORT,,,,,,,,,,,,,,1.0,0.0,Who is allowed to view technical event log report for France?,0.0,AAA=,NO_PROMPT,0.0,AAA=,*,SLT_DATA,2024-06-20 02:42:36.900,SLT_DATA,2024-06-20 02:42:36.900,
1.0,HOUSE_ACCNT_MANAGER_OVERRIDE,0.0,Who is allowed to exceed the credit limit on House Accounts?,0.0,AAA=,NO_PROMPT,0.0,AAA=,*,,,,,,1.0,0.0,Who is allowed to exceed the credit limit on House Accounts?,0.0,AAA=,NO_PROMPT,0.0,AAA=,*,SLT_DATA,2024-06-20 02:42:36.910,SLT_DATA,2024-06-20 02:42:36.910,
,INITIATE_INVENTORY_COUNT,,,,,,,,,,,,,,1.0,0.0,Who is allowed to initiate inventory count?,1.0,GAA=,NO_PROMPT,0.0,GAA=,*,SLT_DATA,2024-06-20 02:42:36.903,SLT_DATA,2024-06-20 02:42:36.903,
1.0,INVALID_AR_MANUAL_AUTH_CODE,0.0,Who is allowed to override an invalid manual House Account authorization code?,0.0,AAA=,NO_PROMPT,0.0,AAA=,*,,,,,,1.0,0.0,Who is allowed to override an invalid manual House Account authorization code?,0.0,AAA=,NO_PROMPT,0.0,AAA=,*,SLT_DATA,2024-06-20 02:42:36.903,SLT_DATA,2024-06-20 02:42:36.903,
1.0,INV_DOC_EDIT_CLOSED_DATA,0.0,Who is allowed to edit information on closed shipping documents?,0.0,fAA=,NO_PROMPT,0.0,fAA=,*,,,,,,1.0,0.0,Who is allowed to edit information on closed shipping documents?,0.0,fAA=,NO_PROMPT,0.0,fAA=,*,SLT_DATA,2024-06-20 02:42:36.903,SLT_DATA,2024-06-20 02:42:36.903,
,ISSUE_INVOICE_FROM_EJ,,,,,,,,,,,,,,1.0,0.0,Who is allowed to issue Invoice From EJ,0.0,eQA=,NO_PROMPT,0.0,eQA=,*,SLT_DATA,2024-06-20 02:42:36.910,SLT_DATA,2024-06-20 02:42:36.910,
1.0,ISSUE_TILL,0.0,Who is allowed to issue tills?  (applies to Till Accountability only),0.0,AAA=,NO_PROMPT,0.0,AAA=,*,,,,,,1.0,0.0,Who is allowed to issue tills?  (applies to Till Accountability only),0.0,AAA=,NO_PROMPT,0.0,AAA=,*,SLT_DATA,2024-06-20 02:42:36.903,SLT_DATA,2024-06-20 02:42:36.903,
1.0,ITEM_TRANSFER_EXCEED_QUANTITY,0.0,"Who is allowed to transfer a quantity of inventory from one bucket to another where the total quantity requested exceeds the quantity in the ""From"" bucket?",0.0,AAA=,NO_PROMPT,0.0,AAA=,*,,,,,,,,,,,,,,,,,,,
1.0,JMX_ACCESS,0.0,Who is allowed to access the Xstore JMX Console?,0.0,YAA=,NO_PROMPT,0.0,YAA=,*,,,,,,1.0,0.0,Who is allowed to access the Xstore JMX Console?,0.0,YAA=,NO_PROMPT,0.0,YAA=,*,SLT_DATA,2024-06-20 02:42:36.903,SLT_DATA,2024-06-20 02:42:36.903,
,JPK_FILE_EXTRACTION,,,,,,,,,,,,,,1.0,0.0,JPK file extraction,0.0,AAA=,NO_PROMPT,0.0,AAA=,*,SLT_DATA,2024-06-20 02:42:36.900,SLT_DATA,2024-06-20 02:42:36.900,
1.0,KEEP_CASH_DRAWER_OPEN,0.0,Who is allowed to keep the cash drawer open (i.e. to start another transaction)?,0.0,AAA=,NO_PROMPT,0.0,AAA=,*,,,,,,1.0,0.0,Who is allowed to keep the cash drawer open (i.e. to start another transaction)?,0.0,AAA=,NO_PROMPT,0.0,AAA=,*,SLT_DATA,2024-06-20 02:42:36.903,SLT_DATA,2024-06-20 02:42:36.903,
1.0,LAYAWAY_CANCEL,0.0,Who is allowed to cancel open layaways?,0.0,AAA=,NO_PROMPT,0.0,AAA=,*,,,,,,1.0,0.0,Who is allowed to cancel open layaways?,0.0,AAA=,NO_PROMPT,0.0,AAA=,*,SLT_DATA,2024-06-20 02:42:36.903,SLT_DATA,2024-06-20 02:42:36.903,
,LOGIN_TO_XENVIRONMENT,,,,,,,,,,,,,,1.0,1.0,Login to Xenvironment,1.0,YAA=,NO_PROMPT,0.0,YAA=,*,SLT_DATA,2024-06-20 02:42:36.913,SLT_DATA,2024-06-20 02:42:36.913,
1.0,LOG_IN,0.0,Who is allowed to change their own password in Employee Maintenance?,0.0,fwA=,NO_PROMPT,0.0,fwA=,*,,,,,,1.0,0.0,Who is allowed to change their own password in Employee Maintenance?,0.0,fwA=,NO_PROMPT,0.0,fwA=,*,SLT_DATA,2024-06-20 02:42:36.903,SLT_DATA,2024-06-20 02:42:36.903,
,LOG_IN_TO_SYSTEM,,,,,,,,,,,,,,1.0,0.0,Login to System,0.0,fwA=,NO_PROMPT,0.0,fwA=,*,SLT_DATA,2024-06-20 02:42:36.903,SLT_DATA,2024-06-20 02:42:36.903,
1.0,MAINTAIN_EMPLOYEE_MESSAGES,0.0,Who is allowed to maintain employee messages?,0.0,fAA=,NO_PROMPT,0.0,fAA=,*,,,,,,1.0,0.0,Who is allowed to maintain employee messages?,0.0,AAA=,NO_PROMPT,0.0,AAA=,*,SLT_DATA,2024-06-20 02:42:36.903,SLT_DATA,2024-06-20 02:42:36.903,
,MANAGE_IP_CASH_DRAWER,,,,,,,,,,,,,,1.0,0.0,Who is allowed to manage Networked Cash Drawers,1.0,AAA=,NO_PROMPT,0.0,AAA=,*,SLT_DATA,2024-06-20 02:42:36.910,SLT_DATA,2024-06-20 02:42:36.910,
1.0,MANUAL_CUSTOMER_BIRTH_DATE_ENTRY,0.0,Who is allowed to manually enter birthdate information rather than scanning from identity card?,0.0,fwA=,NO_PROMPT,0.0,fwA=,*,,,,,,1.0,0.0,Who is allowed to manually enter birthdate information rather than scanning from identity card?,0.0,fwA=,NO_PROMPT,0.0,fwA=,*,SLT_DATA,2024-06-20 02:42:36.910,SLT_DATA,2024-06-20 02:42:36.910,
1.0,MODIFY_DISCOUNT,0.0,Who is allowed to modify a discount amount?,0.0,fwA=,NO_PROMPT,0.0,fwA=,*,,,,,,1.0,0.0,Who is allowed to modify a discount amount?,0.0,fwA=,NO_PROMPT,0.0,fwA=,*,SLT_DATA,2024-06-20 02:42:36.907,SLT_DATA,2024-06-20 02:42:36.907,
1.0,NOT_FOUND_VOUCHER,0.0,Who is allowed to tender a voucher (i.e. merchandise credit) even if it is not found in the database?,0.0,AAA=,NO_PROMPT,0.0,AAA=,*,,,,,,1.0,0.0,Who is allowed to tender a voucher (i.e. merchandise credit) even if it is not found in the database?,0.0,AAA=,NO_PROMPT,0.0,AAA=,*,SLT_DATA,2024-06-20 02:42:36.907,SLT_DATA,2024-06-20 02:42:36.907,
1.0,NO_SALE,0.0,Who is allowed to perform a No Sale?  (open cash drawer),0.0,fAA=,NO_PROMPT,0.0,fAA=,*,,,,,,1.0,0.0,Who is allowed to perform a No Sale?  (open cash drawer),0.0,fAA=,NO_PROMPT,0.0,fAA=,*,SLT_DATA,2024-06-20 02:42:36.907,SLT_DATA,2024-06-20 02:42:36.907,
,OFFLINE_TRANS_REVIEW,,,,,,,,,,,,,,1.0,0.0,Offline Transaction Review,0.0,AAA=,NO_PROMPT,0.0,AAA=,*,SLT_DATA,2024-06-20 02:42:36.907,SLT_DATA,2024-06-20 02:42:36.907,
1.0,OPEN_STORE_BANK,0.0,Who is allowed to open Store Bank?  (applies to Till Accountability only),0.0,fAA=,NO_PROMPT,0.0,fAA=,*,,,,,,1.0,0.0,Who is allowed to open Store Bank?  (applies to Till Accountability only),0.0,fAA=,NO_PROMPT,0.0,fAA=,*,SLT_DATA,2024-06-20 02:42:36.907,SLT_DATA,2024-06-20 02:42:36.907,
1.0,ORDER_REJECT,0.0,Who is allowed to reject an order?,0.0,AQA=,NO_PROMPT,0.0,AAA=,*,,,,,,1.0,0.0,Who is allowed to reject an order?,0.0,fwA=,NO_PROMPT,0.0,fwA=,*,SLT_DATA,2024-06-20 02:42:36.907,SLT_DATA,2024-06-20 02:42:36.907,
1.0,OVERRIDE_COUPON_EXPIRED,0.0,Who is allowed to use a coupon even though it is expired?,0.0,fwA=,NO_PROMPT,0.0,fwA=,*,,,,,,1.0,0.0,Who is allowed to use a coupon even though it is expired?,0.0,fwA=,NO_PROMPT,0.0,fwA=,*,SLT_DATA,2024-06-20 02:42:36.907,SLT_DATA,2024-06-20 02:42:36.907,
1.0,OVERRIDE_COUPON_NOT_EFFECTIVE,0.0,Who is allowed to use a coupon even though it is not effective yet?,0.0,fwA=,NO_PROMPT,0.0,fwA=,*,,,,,,1.0,0.0,Who is allowed to use a coupon even though it is not effective yet?,0.0,fwA=,NO_PROMPT,0.0,fwA=,*,SLT_DATA,2024-06-20 02:42:36.907,SLT_DATA,2024-06-20 02:42:36.907,
,OVERRIDE_FLIGHT_RETURN_VALIDATION,,,,,,,,,,,,,,1.0,1.0,Override Non-Matching Boarding Pass for Airside Returns,1.0,AAA=,NO_PROMPT,0.0,AAA=,*,SLT_DATA,2024-06-20 02:42:36.900,SLT_DATA,2024-06-20 02:42:36.900,
1.0,OVERRIDE_FOREIGN_CHANGE_EXCEEDS_FUNDS,0.0,Who is allowed to give foreign change above available funds?,0.0,AAA=,NO_PROMPT,0.0,AAA=,*,,,,,,1.0,0.0,Who is allowed to give foreign change above available funds?,0.0,AAA=,NO_PROMPT,0.0,AAA=,*,SLT_DATA,2024-06-20 02:42:36.903,SLT_DATA,2024-06-20 02:42:36.903,
1.0,OVERRIDE_LAYAWAY_CANCEL_TO_ESCROW,0.0,Who is allowed to cancel a layaway to an escrow account even though it is less than configured minimum number of days?,0.0,AAA=,NO_PROMPT,0.0,AAA=,*,,,,,,1.0,0.0,Who is allowed to cancel a layaway to an escrow account even though it is less than configured minimum number of days?,0.0,AAA=,NO_PROMPT,0.0,AAA=,*,SLT_DATA,2024-06-20 02:42:36.907,SLT_DATA,2024-06-20 02:42:36.907,
1.0,OVERRIDE_LAYAWAY_DEPOSIT_AMOUNT,0.0,Who is allowed to accept a layaway deposit that is less than the configured minimum?,0.0,AAA=,NO_PROMPT,0.0,AAA=,*,,,,,,1.0,0.0,Who is allowed to accept a layaway deposit that is less than the configured minimum?,0.0,AAA=,NO_PROMPT,0.0,AAA=,*,SLT_DATA,2024-06-20 02:42:36.907,SLT_DATA,2024-06-20 02:42:36.907,
,OVERRIDE_LOCALORDER_DEPOSIT_AMOUNT,,,,,,,,,,,,,,1.0,0.0,Override Local Inventory Order Deposit Amount,0.0,AAA=,NO_PROMPT,0.0,AAA=,*,SLT_DATA,2024-06-20 02:42:36.910,SLT_DATA,2024-06-20 02:42:36.910,
1.0,OVERRIDE_LOWEST_RETURN_PRICE,0.0,Who is allowed to override the lowest price on a Blind Return item?,0.0,fwA=,NO_PROMPT,0.0,fwA=,*,,,,,,1.0,0.0,Who is allowed to override the lowest price on a Blind Return item?,0.0,fwA=,NO_PROMPT,0.0,fwA=,*,SLT_DATA,2024-06-20 02:42:36.910,SLT_DATA,2024-06-20 02:42:36.910,
1.0,OVERRIDE_ONHOLD_DEPOSIT_AMOUNT,0.0,Who is allowed to accept a Hold deposit that is less than the configured minimum?,0.0,AAA=,NO_PROMPT,0.0,AAA=,*,,,,,,1.0,0.0,Who is allowed to accept a Hold deposit that is less than the configured minimum?,0.0,AAA=,NO_PROMPT,0.0,AAA=,*,SLT_DATA,2024-06-20 02:42:36.910,SLT_DATA,2024-06-20 02:42:36.910,
1.0,OVERRIDE_PRESALE_DEPOSIT_AMOUNT,0.0,Who is allowed to accept a Pre-Sale deposit that is less than the configured minimum?,0.0,AAA=,NO_PROMPT,0.0,AAA=,*,,,,,,1.0,0.0,Who is allowed to accept a Pre-Sale deposit that is less than the configured minimum?,0.0,AAA=,NO_PROMPT,0.0,AAA=,*,SLT_DATA,2024-06-20 02:42:36.910,SLT_DATA,2024-06-20 02:42:36.910,
1.0,OVERRIDE_SPECIAL_ORDER_DEPOSIT_AMOUNT,0.0,Who is allowed to accept a special order deposit amount that is less than the configured minimum?,0.0,AAA=,NO_PROMPT,0.0,AAA=,*,,,,,,1.0,0.0,Who is allowed to accept a special order deposit amount that is less than the configured minimum?,0.0,AAA=,NO_PROMPT,0.0,AAA=,*,SLT_DATA,2024-06-20 02:42:36.907,SLT_DATA,2024-06-20 02:42:36.907,
1.0,OVERRIDE_SPEC_ORDER_CANCEL_TO_ESCROW,0.0,Who is allowed to cancel a special order to an escrow account even though it is less than the configured minimum number of days?,0.0,AAA=,NO_PROMPT,0.0,AAA=,*,,,,,,1.0,0.0,Who is allowed to cancel a special order to an escrow account even though it is less than the configured minimum number of days?,0.0,AAA=,NO_PROMPT,0.0,AAA=,*,SLT_DATA,2024-06-20 02:42:36.907,SLT_DATA,2024-06-20 02:42:36.907,
,OVERRIDE_VOUCHER_EXPIRED,,,,,,,,,,,,,,1.0,1.0,Allow Expired Voucher Override,1.0,eQA=,NO_PROMPT,0.0,eQA=,*,SLT_DATA,2024-06-20 02:42:36.907,SLT_DATA,2024-06-20 02:42:36.907,
,OVERRIDE_VOUCHER_NOT_EFFECTIVE,,,,,,,,,,,,,,1.0,1.0,Who is allowed to tender a voucher (i.e. merchandise credit) even if it is not found in the database?,1.0,eQA=,NO_PROMPT,0.0,eQA=,*,SLT_DATA,2024-06-20 02:42:36.907,SLT_DATA,2024-06-20 02:42:36.907,
1.0,OVERRIDE_WORK_ORDER_DEPOSIT_AMOUNT,0.0,Who is allowed to accept a work order deposit amount that is less than the configured minimum?,0.0,AAA=,NO_PROMPT,0.0,AAA=,*,,,,,,1.0,0.0,Who is allowed to accept a work order deposit amount that is less than the configured minimum?,0.0,AAA=,NO_PROMPT,0.0,AAA=,*,SLT_DATA,2024-06-20 02:42:36.907,SLT_DATA,2024-06-20 02:42:36.907,
1.0,OVER_TENDER_ABOVE_CONFIGURED_AMOUNT,0.0,Who is allowed to tender a transaction that exceeds a threshold amount?  (assuming one was set),0.0,fAA=,NO_PROMPT,0.0,fAA=,*,,,,,,1.0,0.0,Who is allowed to tender a transaction that exceeds a threshold amount?  (assuming one was set),0.0,fwA=,NO_PROMPT,0.0,fwA=,*,SLT_DATA,2024-06-20 02:42:36.907,SLT_DATA,2024-06-20 02:42:36.907,
1.0,PAID_IN_OUT_ACCESS,0.0,Who is allowed to initiate a paid in/out transaction?,0.0,fAA=,NO_PROMPT,0.0,fAA=,*,,,,,,,,,,,,,,,,,,,
1.0,PAYROLL_EDIT_AFTER_POST,0.0,NOT USED ANYMORE,0.0,AQA=,NO_PROMPT,0.0,AQA=,*,,,,,,1.0,0.0,Edit Payroll After Posting,0.0,AQA=,NO_PROMPT,0.0,AQA=,*,SLT_DATA,2024-06-20 02:42:36.907,SLT_DATA,2024-06-20 02:42:36.907,
1.0,PAYROLL_MAINTENANCE,0.0,NOT USED ANYMORE,0.0,AQA=,NO_PROMPT,0.0,AQA=,*,,,,,,1.0,0.0,Maintain Payroll,0.0,AQA=,NO_PROMPT,0.0,AQA=,*,SLT_DATA,2024-06-20 02:42:36.907,SLT_DATA,2024-06-20 02:42:36.907,
1.0,PAYROLL_REPOST,0.0,Who is allowed to re-post payroll?  (if configured),0.0,AAA=,NO_PROMPT,0.0,AAA=,*,,,,,,1.0,0.0,Who is allowed to re-post payroll?  (if configured),0.0,AAA=,NO_PROMPT,0.0,AAA=,*,SLT_DATA,2024-06-20 02:42:36.907,SLT_DATA,2024-06-20 02:42:36.907,
1.0,PERFORM_TR_ADVANCED_DDK,0.0,Who is allowed to initiate a TransArmor advanced DDK operation?,0.0,AAA=,NO_PROMPT,0.0,AAA=,*,,,,,,,,,,,,,,,,,,,
,POST_VOID_INVOICE_FROM_EJ,,,,,,,,,,,,,,1.0,0.0,Post Void an Invoice From EJ,0.0,WQA=,NO_PROMPT,0.0,WQA=,*,SLT_DATA,2024-06-20 02:42:36.910,SLT_DATA,2024-06-20 02:42:36.910,
1.0,PRINT_CUSTOMER,0.0,Who is allowed to print customer information from Customer Maintenance?,0.0,fAA=,NO_PROMPT,0.0,fAA=,*,,,,,,1.0,0.0,Who is allowed to print customer information from Customer Maintenance?,0.0,AAA=,NO_PROMPT,0.0,AAA=,*,SLT_DATA,2024-06-20 02:42:36.907,SLT_DATA,2024-06-20 02:42:36.907,
1.0,PRINT_GIFT_RCPTS_BEYOND_LIMIT,0.0,Who is allowed to print a gift receipt quantity which exceeds the configured maximum?  (i.e. Xstore can be configured to restrict the number of gift receipts per item),0.0,fAA=,NO_PROMPT,0.0,fAA=,*,,,,,,1.0,0.0,Who is allowed to print a gift receipt quantity which exceeds the configured maximum?  (i.e. Xstore can be configured to restrict the number of gift receipts per item),0.0,fAA=,NO_PROMPT,0.0,fAA=,*,SLT_DATA,2024-06-20 02:42:36.907,SLT_DATA,2024-06-20 02:42:36.907,
1.0,PRINT_RAIN_CHECKS,0.0,Who is allowed to print Rain Checks?,0.0,AAA=,NO_PROMPT,0.0,AAA=,*,,,,,,1.0,0.0,Who is allowed to print Rain Checks?,0.0,AAA=,NO_PROMPT,0.0,AAA=,*,SLT_DATA,2024-06-20 02:42:36.910,SLT_DATA,2024-06-20 02:42:36.910,
,PT_RESET_SEQUENCES,,,,,,,,,,,,,,1.0,0.0,Reset fiscal sequences for Portugal,0.0,AAA=,NO_PROMPT,0.0,AAA=,*,SLT_DATA,2024-06-20 02:42:36.913,SLT_DATA,2024-06-20 02:42:36.913,
,QUANTITY_UNAVAILABLE,,,,,,,,,,,,,,1.0,0.0,Who is allowed to sell items with Quantity Unavailable?,1.0,fgA=,NO_PROMPT,0.0,fgA=,*,SLT_DATA,2024-06-20 02:42:36.910,SLT_DATA,2024-06-20 02:42:36.910,
1.0,RECEIVE_ENTIRE_ASN,0.0,Who is allowed to receive an entire ASN (Advanced Shipping Notice) in receiving?,0.0,AAA=,NO_PROMPT,0.0,AAA=,*,,,,,,1.0,0.0,Who is allowed to receive an entire ASN (Advanced Shipping Notice) in receiving?,0.0,AAA=,NO_PROMPT,0.0,AAA=,*,SLT_DATA,2024-06-20 02:42:36.907,SLT_DATA,2024-06-20 02:42:36.907,
1.0,RECEIVING,0.0,Who is allowed to perform receiving?,0.0,AAA=,NO_PROMPT,0.0,AAA=,*,,,,,,1.0,0.0,Who is allowed to perform receiving?,0.0,AAA=,NO_PROMPT,0.0,AAA=,*,SLT_DATA,2024-06-20 02:42:36.907,SLT_DATA,2024-06-20 02:42:36.907,
1.0,RECEIVING_EDIT_CLOSED_DATA,0.0,Who is allowed to edit information on a closed receiving documents?,0.0,AAA=,NO_PROMPT,0.0,AAA=,*,,,,,,1.0,0.0,Who is allowed to edit information on a closed receiving documents?,0.0,AAA=,NO_PROMPT,0.0,AAA=,*,SLT_DATA,2024-06-20 02:42:36.907,SLT_DATA,2024-06-20 02:42:36.907,
1.0,RECEIVING_MAX_QUANTITY_THRESHOLD,0.0,Who is allowed to override the maximum entered receiving quantity?,0.0,AAA=,NO_PROMPT,0.0,AAA=,*,,,,,,1.0,0.0,Who is allowed to override the maximum entered receiving quantity?,0.0,AAA=,NO_PROMPT,0.0,AAA=,*,SLT_DATA,2024-06-20 02:42:36.907,SLT_DATA,2024-06-20 02:42:36.907,
1.0,RECONCILE_STORE_BANK,0.0,Who is allowed to close Store Bank?  (applies to Till Accountability only),0.0,fAA=,NO_PROMPT,0.0,fAA=,*,,,,,,1.0,0.0,Who is allowed to close Store Bank?  (applies to Till Accountability only),0.0,fAA=,NO_PROMPT,0.0,fAA=,*,SLT_DATA,2024-06-20 02:42:36.907,SLT_DATA,2024-06-20 02:42:36.907,
1.0,RECONCILE_TILL,0.0,Who is allowed to reconcile tills?  (applies to Till Accountability only),0.0,AAA=,NO_PROMPT,0.0,AAA=,*,,,,,,1.0,0.0,Who is allowed to reconcile tills?  (applies to Till Accountability only),0.0,AAA=,NO_PROMPT,0.0,AAA=,*,SLT_DATA,2024-06-20 02:42:36.907,SLT_DATA,2024-06-20 02:42:36.907,
1.0,REFUND_TENDER_ABOVE_CONFIGURED_AMOUNT,0.0,Who is allowed to perform refunds that are greater than the maximum configured amount?,0.0,fwA=,ANY_EMP_OK,1.0,fwA=,*,,,,,,1.0,0.0,Who is allowed to perform refunds that are greater than the maximum configured amount?,0.0,fwA=,NO_PROMPT,0.0,fwA=,*,SLT_DATA,2024-06-20 02:42:36.907,SLT_DATA,2024-06-20 02:42:36.907,
1.0,REFUND_TENDER_BALANCE,0.0,"Who is allowed to ignore the default settings (i.e. Min/Max Accept Amount, With/Without Receipt) for return tenders?",0.0,fwA=,NO_PROMPT,1.0,fwA=,*,,,,,,1.0,0.0,"Who is allowed to ignore the default settings (i.e. Min/Max Accept Amount, With/Without Receipt) for return tenders?",0.0,fwA=,NO_PROMPT,0.0,fwA=,*,SLT_DATA,2024-06-20 02:42:36.907,SLT_DATA,2024-06-20 02:42:36.907,
1.0,REGENERATE_PAYROLL_FILE,0.0,"Who is allowed to run the ""Regenerate Payroll File"" function?",0.0,AAA=,NO_PROMPT,0.0,AAA=,*,,,,,,1.0,0.0,"Who is allowed to run the ""Regenerate Payroll File"" function?",0.0,fwA=,NO_PROMPT,0.0,fwA=,*,SLT_DATA,2024-06-20 02:42:36.907,SLT_DATA,2024-06-20 02:42:36.907,
1.0,RELOAD_GIFT_CARD,0.0,NOT USED ANYMORE,0.0,AQA=,NO_PROMPT,0.0,AQA=,*,,,,,,1.0,0.0,Reload Gift Card,0.0,AAA=,NO_PROMPT,0.0,AAA=,*,SLT_DATA,2024-06-20 02:42:36.907,SLT_DATA,2024-06-20 02:42:36.907,
,REMOVE_CASHDRAWER_TILL,,,,,,,,,,,,,,1.0,0.0,Remove Cash Drawer Till,1.0,AQA=,NO_PROMPT,0.0,AQA=,*,SLT_DATA,2024-06-20 02:42:36.900,SLT_DATA,2024-06-20 02:42:36.900,
1.0,REMOVE_OTHER_TILL,0.0,Who is allowed to remove till assigned to another user?  (applies to Till Accountability only),0.0,AAA=,NO_PROMPT,0.0,AAA=,*,,,,,,1.0,0.0,Who is allowed to remove till assigned to another user?  (applies to Till Accountability only),0.0,AAA=,NO_PROMPT,0.0,AAA=,*,SLT_DATA,2024-06-20 02:42:36.907,SLT_DATA,2024-06-20 02:42:36.907,
1.0,REMOVE_TILL,0.0,Who is allowed to remove till assigned to themselves?  (applies to Till Accountability only),0.0,AAA=,NO_PROMPT,0.0,AAA=,*,,,,,,1.0,0.0,Who is allowed to remove till assigned to themselves?  (applies to Till Accountability only),0.0,AAA=,NO_PROMPT,0.0,AAA=,*,SLT_DATA,2024-06-20 02:42:36.907,SLT_DATA,2024-06-20 02:42:36.907,
1.0,REPAIR_INVOICING,0.0,Who is allowed to access repair invoicing?,0.0,AAA=,NO_PROMPT,0.0,AAA=,*,,,,,,1.0,0.0,Who is allowed to access repair invoicing?,0.0,AAA=,NO_PROMPT,0.0,AAA=,*,SLT_DATA,2024-06-20 02:42:36.907,SLT_DATA,2024-06-20 02:42:36.907,
1.0,REPLENISHMENT_ORDER_FORCE_CLOSE,0.0,Who is allowed to force close an inventory replenishment order?,0.0,AAA=,NO_PROMPT,0.0,AAA=,*,,,,,,1.0,0.0,Who is allowed to force close an inventory replenishment order?,0.0,AAA=,NO_PROMPT,0.0,AAA=,*,SLT_DATA,2024-06-20 02:42:36.910,SLT_DATA,2024-06-20 02:42:36.910,
1.0,REPORT_DELETE_CORPORATE,0.0,"Who is allowed to delete a saved ""Corporate"" report?",0.0,fAA=,NO_PROMPT,0.0,fAA=,*,,,,,,1.0,0.0,"Who is allowed to delete a saved ""Corporate"" report?",0.0,fAA=,NO_PROMPT,0.0,fAA=,*,SLT_DATA,2024-06-20 02:42:36.907,SLT_DATA,2024-06-20 02:42:36.907,
1.0,REPORT_DELETE_PERSONAL,0.0,"Who is allowed to delete a saved ""Personal"" report?",0.0,fwA=,NO_PROMPT,0.0,fwA=,*,,,,,,1.0,0.0,"Who is allowed to delete a saved ""Personal"" report?",0.0,fwA=,NO_PROMPT,0.0,fwA=,*,SLT_DATA,2024-06-20 02:42:36.907,SLT_DATA,2024-06-20 02:42:36.907,
1.0,REPORT_DELETE_STORE,0.0,"Who is allowed to delete a saved ""Store"" report?",0.0,fAA=,NO_PROMPT,0.0,fAA=,*,,,,,,1.0,0.0,"Who is allowed to delete a saved ""Store"" report?",0.0,fAA=,NO_PROMPT,0.0,fAA=,*,SLT_DATA,2024-06-20 02:42:36.907,SLT_DATA,2024-06-20 02:42:36.907,
,REPRINT_INVOICE_FROM_EJ,,,,,,,,,,,,,,1.0,0.0,Issue Invoice From EJ,0.0,fQA=,NO_PROMPT,0.0,fQA=,*,SLT_DATA,2024-06-20 02:42:36.910,SLT_DATA,2024-06-20 02:42:36.910,
,REPRINT_LAST_INVOICE,,,,,,,,,,,,,,1.0,0.0,Reprint Last Invoice,0.0,fQA=,NO_PROMPT,0.0,fQA=,*,SLT_DATA,2024-06-20 02:42:36.910,SLT_DATA,2024-06-20 02:42:36.910,
1.0,REPRINT_LAST_RECEIPT_MENU,0.0,Who is allowed to reprint a receipt via the main menu?,0.0,AQA=,NO_PROMPT,0.0,AQA=,*,,,,,,,,,,,,,,,,,,,
1.0,REPRINT_PREVIOUS_DAY,0.0,Who is allowed to perform a receipt reprint for a transaction completed prior to current date?,0.0,fAA=,NO_PROMPT,0.0,fAA=,*,,,,,,1.0,0.0,Who is allowed to perform a receipt reprint for a transaction completed prior to current date?,0.0,fAA=,NO_PROMPT,0.0,fAA=,*,SLT_DATA,2024-06-20 02:42:36.907,SLT_DATA,2024-06-20 02:42:36.907,
1.0,RETAIL_LOCATION_CLOSE,0.0,Who is allowed to close a store?,0.0,fAA=,NO_PROMPT,0.0,fAA=,*,,,,,,,,,,,,,,,,,,,
1.0,RETAIL_LOCATION_OPEN,0.0,Who is allowed to open the store?,0.0,fAA=,NO_PROMPT,0.0,fAA=,*,,,,,,,,,,,,,,,,,,,
1.0,RETURN_CROSS_BORDER,0.0,Who is allowed to perform cross border returns?,0.0,AAA=,NO_PROMPT,0.0,AAA=,*,,,,,,1.0,0.0,Who is allowed to perform cross border returns?,0.0,AAA=,NO_PROMPT,0.0,AAA=,*,SLT_DATA,2024-06-20 02:42:36.907,SLT_DATA,2024-06-20 02:42:36.907,
1.0,RETURN_EXCEED_MAX_THRESHOLD,0.0,Who is allowed to accept a return with a transaction total amount greater than a set threshold?,0.0,fwA=,ANY_EMP_OK,1.0,fwA=,*,,,,,,1.0,0.0,Who is allowed to accept a return with a transaction total amount greater than a set threshold?,0.0,fwA=,NO_PROMPT,0.0,fwA=,*,SLT_DATA,2024-06-20 02:42:36.907,SLT_DATA,2024-06-20 02:42:36.907,
1.0,RETURN_GIFT_CARD,0.0,Who is allowed to return a gift card?,0.0,fwA=,NO_PROMPT,0.0,fwA=,*,,,,,,1.0,0.0,Who is allowed to return a gift card?,0.0,fwA=,NO_PROMPT,0.0,fwA=,*,SLT_DATA,2024-06-20 02:42:36.907,SLT_DATA,2024-06-20 02:42:36.907,
1.0,RETURN_GIFT_CERTIFICATE,0.0,Who is allowed to return a gift certificate?,0.0,AAA=,NO_PROMPT,0.0,AAA=,*,,,,,,1.0,0.0,Who is allowed to return a gift certificate?,0.0,AAA=,NO_PROMPT,0.0,AAA=,*,SLT_DATA,2024-06-20 02:42:36.907,SLT_DATA,2024-06-20 02:42:36.907,
1.0,RETURN_ITEM,0.0,Who is allowed to perform a return?,0.0,fwA=,NO_PROMPT,0.0,fwA=,*,,,,,,1.0,0.0,Who is allowed to perform a return?,0.0,fwA=,NO_PROMPT,0.0,fwA=,*,SLT_DATA,2024-06-20 02:42:36.907,SLT_DATA,2024-06-20 02:42:36.907,
1.0,RETURN_ITEM_NOT_IN_HISTORY,0.0,Who is allowed to return an item not found in the purchase history of a customer?,0.0,fwA=,NO_PROMPT,0.0,fwA=,*,,,,,,1.0,0.0,Who is allowed to return an item not found in the purchase history of a customer?,1.0,fwA=,NO_PROMPT,0.0,fwA=,*,SLT_DATA,2024-06-20 02:42:36.910,SLT_DATA,2024-06-20 02:42:36.910,
1.0,RETURN_ITEM_NOT_IN_ORIG_TRANS,0.0,Who is allowed to return a item not in the original sale transaction?,0.0,fwA=,ANY_EMP_OK,1.0,fwA=,*,,,,,,1.0,0.0,Who is allowed to return a item not in the original sale transaction?,0.0,fwA=,NO_PROMPT,0.0,fwA=,*,SLT_DATA,2024-06-20 02:42:36.907,SLT_DATA,2024-06-20 02:42:36.907,
1.0,RETURN_KIT,0.0,Who is allowed to return a kit?,0.0,AAA=,NO_PROMPT,0.0,AAA=,*,,,,,,1.0,0.0,Who is allowed to return a kit?,0.0,fwA=,NO_PROMPT,0.0,fwA=,*,SLT_DATA,2024-06-20 02:42:36.910,SLT_DATA,2024-06-20 02:42:36.910,
1.0,RETURN_MAX_ITEM_PRICE_VALIDATION,0.0,Who is allowed to accept an individual return item amount greater than a set threshold?,0.0,fAA=,ANY_EMP_OK,1.0,fAA=,*,,,,,,1.0,0.0,Who is allowed to accept an individual return item amount greater than a set threshold?,0.0,fgA=,NO_PROMPT,0.0,fgA=,*,SLT_DATA,2024-06-20 02:42:36.910,SLT_DATA,2024-06-20 02:42:36.910,
1.0,RETURN_MIN_ITEM_PRICE_VALIDATION,0.0,Who is allowed to accept an individual return item amount less than a set threshold?  **Not typically used **,0.0,AAA=,NO_PROMPT,0.0,AAA=,*,,,,,,1.0,0.0,Who is allowed to accept an individual return item amount less than a set threshold?  **Not typically used **,0.0,AAA=,NO_PROMPT,0.0,AAA=,*,SLT_DATA,2024-06-20 02:42:36.910,SLT_DATA,2024-06-20 02:42:36.910,
1.0,RETURN_NOT_RETURNABLE_ITEM,0.0,"Who is allowed to return an item that is flagged as ""Not Returnable""?",0.0,AAA=,NO_PROMPT,0.0,AAA=,*,,,,,,1.0,0.0,"Who is allowed to return an item that is flagged as ""Not Returnable""?",0.0,fAA=,NO_PROMPT,0.0,fAA=,*,SLT_DATA,2024-06-20 02:42:36.910,SLT_DATA,2024-06-20 02:42:36.910,
1.0,RETURN_NOT_RETURNABLE_ITEM_OVER_MAXDAYS,0.0,Who is allowed to return an item that is beyond the maximum return period?,0.0,fAA=,ANY_EMP_OK,1.0,fAA=,*,,,,,,1.0,0.0,Who is allowed to return an item that is beyond the maximum return period?,0.0,fAA=,NO_PROMPT,0.0,fAA=,*,SLT_DATA,2024-06-20 02:42:36.910,SLT_DATA,2024-06-20 02:42:36.910,
1.0,RETURN_QUANTITY_EXCEED_ORIG_QUANTITY,0.0,Who is allowed to return an item quantity that is greater than the amount originally sold?,0.0,fwA=,ANY_EMP_OK,1.0,fwA=,*,,,,,,1.0,0.0,Who is allowed to return an item quantity that is greater than the amount originally sold?,0.0,fwA=,NO_PROMPT,0.0,fwA=,*,SLT_DATA,2024-06-20 02:42:36.910,SLT_DATA,2024-06-20 02:42:36.910,
,RETURN_STORE_CREDIT,,,,,,,,,,,,,,1.0,0.0,Who is allowed to return a Store Credit?,0.0,AAA=,NO_PROMPT,0.0,AAA=,*,SLT_DATA,2024-06-20 02:42:36.907,SLT_DATA,2024-06-20 02:42:36.907,
1.0,RETURN_TILL,0.0,Who is allowed to accept a returning till?  (applies to Till Accountability only),0.0,AAA=,NO_PROMPT,0.0,AAA=,*,,,,,,1.0,0.0,Who is allowed to accept a returning till?  (applies to Till Accountability only),0.0,AAA=,NO_PROMPT,0.0,AAA=,*,SLT_DATA,2024-06-20 02:42:36.910,SLT_DATA,2024-06-20 02:42:36.910,
1.0,RETURN_WITH_NON_RETURN_ITEM,0.0,Who is allow to return a non-physical item?,0.0,fwA=,NO_PROMPT,1.0,fwA=,*,,,,,,1.0,0.0,Who is allow to return a non-physical item?,0.0,fwA=,NO_PROMPT,0.0,fwA=,*,SLT_DATA,2024-06-20 02:42:36.910,SLT_DATA,2024-06-20 02:42:36.910,
,SAFT_FILE_GENERATE,,,,,,,,,,,,,,1.0,0.0,SAF-T file generation,0.0,AAA=,NO_PROMPT,0.0,AAA=,*,SLT_DATA,2024-06-20 02:42:36.910,SLT_DATA,2024-06-20 02:42:36.910,
,SCO_MGMT_CONSOLE_ADMIN,,,,,,,,,,,,,,1.0,0.0,Self Checkout Management Console Admin,1.0,AAA=,NO_PROMPT,0.0,AAA=,*,SLT_DATA,2024-06-20 02:42:36.913,SLT_DATA,2024-06-20 02:42:36.913,
,SEARCH_INVENTORY_COUNT,,,,,,,,,,,,,,1.0,0.0,Search Inventory Count,0.0,AAA=,NO_PROMPT,0.0,AAA=,*,SLT_DATA,2024-06-20 02:42:36.910,SLT_DATA,2024-06-20 02:42:36.910,
1.0,SECURE_DISCOUNT,0.0,Who is allowed to add a manager clearance required discount to a transaction?,1.0,fAA=,NO_PROMPT,0.0,fAA=,*,,,,,,,,,,,,,,,,,,,
1.0,SELL_GIFT_CARD,0.0,Who is allowed to sell a gift card?,0.0,fwA=,NO_PROMPT,0.0,fwA=,*,,,,,,1.0,0.0,Who is allowed to sell a gift card?,0.0,fwA=,NO_PROMPT,0.0,fwA=,*,SLT_DATA,2024-06-20 02:42:36.910,SLT_DATA,2024-06-20 02:42:36.910,
1.0,SELL_GIFT_CERTIFICATE,0.0,Who is allowed to sell a gift certificate?,0.0,AAA=,NO_PROMPT,0.0,AAA=,*,,,,,,1.0,0.0,Who is allowed to sell a gift certificate?,0.0,AAA=,NO_PROMPT,0.0,AAA=,*,SLT_DATA,2024-06-20 02:42:36.910,SLT_DATA,2024-06-20 02:42:36.910,
1.0,SELL_ITEM,0.0,Who is allowed to exit back to item sales after entering return mode?,0.0,fwA=,NO_PROMPT,0.0,fwA=,*,,,,,,1.0,0.0,Who is allowed to exit back to item sales after entering return mode?,0.0,fwA=,NO_PROMPT,0.0,fwA=,*,SLT_DATA,2024-06-20 02:42:36.910,SLT_DATA,2024-06-20 02:42:36.910,
1.0,SELL_ITEM_NOT_ON_FILE,0.0,Who is allowed to sell an item that is not in the item file (database)?,0.0,AAA=,NO_PROMPT,0.0,AAA=,*,,,,,,1.0,1.0,Who is allowed to sell an item that is not in the item file (database)?,0.0,fwA=,REQUIRE_GRP_MEMBERSHIP,0.0,fwA=,*,SLT_DATA,2024-06-20 02:42:36.910,SLT_DATA,2024-06-20 02:42:36.910,
1.0,SELL_NON_PHYSICAL,0.0,Who is allowed to sell a non-merchandise (non-physical) item?,0.0,fwA=,NO_PROMPT,0.0,fwA=,*,,,,,,1.0,0.0,Who is allowed to sell a non-merchandise (non-physical) item?,0.0,fwA=,NO_PROMPT,0.0,fwA=,*,SLT_DATA,2024-06-20 02:42:36.910,SLT_DATA,2024-06-20 02:42:36.910,
1.0,SHIPPER_METHOD_OVERRIDE,0.0,Who is allowed to override the originally selected UPS/FedEx shipping method?,0.0,AQA=,NO_PROMPT,0.0,AAA=,*,,,,,,1.0,0.0,Who is allowed to override the originally selected UPS/FedEx shipping method?,0.0,AQA=,NO_PROMPT,0.0,AQA=,*,SLT_DATA,2024-06-20 02:42:36.910,SLT_DATA,2024-06-20 02:42:36.910,
,SHIPPING_EDIT_CLOSED_DATA,,,,,,,,,,,,,,1.0,1.0,Who is allowed to edit information on closed shipping documents?,1.0,eQA=,NO_PROMPT,0.0,eQA=,*,SLT_DATA,2024-06-20 02:42:36.910,SLT_DATA,2024-06-20 02:42:36.910,
1.0,SPECIAL_ORDER_CANCEL,0.0,Who is allowed to cancel special orders?,0.0,AAA=,NO_PROMPT,0.0,AAA=,*,,,,,,1.0,0.0,Who is allowed to cancel special orders?,0.0,AAA=,NO_PROMPT,0.0,AAA=,*,SLT_DATA,2024-06-20 02:42:36.910,SLT_DATA,2024-06-20 02:42:36.910,
,STOCK_FILE_GENERATE,,,,,,,,,,,,,,1.0,0.0,Stock file generation,0.0,WQA=,NO_PROMPT,0.0,WQA=,*,SLT_DATA,2024-06-20 02:42:36.910,SLT_DATA,2024-06-20 02:42:36.910,
1.0,STOREBANK_AUDIT,0.0,Who is allowed to run a store bank audit?,0.0,fAA=,NO_PROMPT,0.0,fAA=,*,,,,,,,,,,,,,,,,,,,
1.0,STORE_BANK_CASH_DEPOSIT,0.0,Who is allowed to do Store Bank Cash Deposit?,0.0,fAA=,NO_PROMPT,0.0,fAA=,*,,,,,,1.0,0.0,Who is allowed to do Store Bank Cash Deposit?,0.0,fAA=,NO_PROMPT,0.0,fAA=,*,SLT_DATA,2024-06-20 02:42:36.910,SLT_DATA,2024-06-20 02:42:36.910,
,SUPERVISOR_LOGIN,,,,,,,,,,,,,,1.0,0.0,Who is allowed to log into  Supervisor menu in Xenvironment?,1.0,YAA=,NO_PROMPT,0.0,YAA=,*,SLT_DATA,2024-06-20 02:42:36.910,SLT_DATA,2024-06-20 02:42:36.910,
,SYSTEM_ADMIN,,,,,,,,,,,,,,1.0,1.0,Administer Operating System (grants command prompt access),1.0,YAA=,NO_PROMPT,0.0,YAA=,*,SLT_DATA,2024-06-20 02:42:36.913,SLT_DATA,2024-06-20 02:42:36.913,
1.0,TENDER_ABOVE_CONFIGURED_AMOUNT,0.0,Who is allowed to tender for an amount greater than the configured maximum tender amount?  (i.e. do not accept checks > $250),0.0,fwA=,ANY_EMP_OK,1.0,fwA=,*,,,,,,1.0,0.0,Who is allowed to tender for an amount greater than the configured maximum tender amount?  (i.e. do not accept checks > $100),0.0,fwA=,NO_PROMPT,0.0,fwA=,*,SLT_DATA,2024-06-20 02:42:36.910,SLT_DATA,2024-06-20 02:42:36.910,
1.0,TENDER_BELOW_CONFIGURED_AMOUNT,0.0,Who is allowed to tender for an amount lower than the configured minimum tender amount?  (i.e. do not accept credit cards < $10),0.0,fAA=,NO_PROMPT,0.0,fAA=,*,,,,,,1.0,0.0,Who is allowed to tender for an amount lower than the configured minimum tender amount?  (i.e. do not accept credit cards < $10),0.0,fAA=,NO_PROMPT,0.0,fAA=,*,SLT_DATA,2024-06-20 02:42:36.910,SLT_DATA,2024-06-20 02:42:36.910,
1.0,TENDER_EXCHANGE,0.0,Who is allowed to perform a Tender Exchange?,0.0,fAA=,NO_PROMPT,0.0,fAA=,*,,,,,,1.0,0.0,Who is allowed to perform a Tender Exchange?,0.0,AAA=,NO_PROMPT,0.0,AAA=,*,SLT_DATA,2024-06-20 02:42:36.910,SLT_DATA,2024-06-20 02:42:36.910,
1.0,TILL_AUDIT,0.0,Who is allowed to run a till audit?,0.0,fAA=,NO_PROMPT,0.0,fAA=,*,,,,,,,,,,,,,,,,,,,
1.0,TILL_COUNT_OVER_THRESHOLD_OVERRIDE,0.0,Who is allowed to accept a till count out of balance condition?,0.0,fAA=,NO_PROMPT,0.0,fAA=,*,,,,,,1.0,0.0,Who is allowed to accept a till count out of balance condition?,0.0,fAA=,NO_PROMPT,0.0,fAA=,*,SLT_DATA,2024-06-20 02:42:36.910,SLT_DATA,2024-06-20 02:42:36.910,
1.0,TILL_MANAGEMENT,0.0,NOT USED ANYMORE,0.0,AQA=,NO_PROMPT,0.0,AQA=,*,,,,,,1.0,0.0,Manage Tills,0.0,AQA=,NO_PROMPT,0.0,AQA=,*,SLT_DATA,2024-06-20 02:42:36.910,SLT_DATA,2024-06-20 02:42:36.910,
1.0,TIMECARD_MAINTENANCE,0.0,NOT USED ANYMORE,0.0,AQA=,NO_PROMPT,0.0,AQA=,*,,,,,,1.0,0.0,Timecard Maintenance,0.0,AAA=,NO_PROMPT,0.0,AAA=,*,SLT_DATA,2024-06-20 02:42:36.910,SLT_DATA,2024-06-20 02:42:36.910,
1.0,TIME_CLOCK,0.0,"Who is allowed to utilize the time clock ""auto clock in"" function?",0.0,fwA=,NO_PROMPT,0.0,fwA=,*,,,,,,1.0,0.0,"Who is allowed to utilize the time clock ""auto clock in"" function?",0.0,AAA=,NO_PROMPT,0.0,AAA=,*,SLT_DATA,2024-06-20 02:42:36.910,SLT_DATA,2024-06-20 02:42:36.910,
1.0,TIME_CLOCK_DURATION,0.0,Who is allowed to ignore the minimum time clock durations (if set)?,0.0,AAA=,NO_PROMPT,0.0,AAA=,*,,,,,,1.0,0.0,Who is allowed to ignore the minimum time clock durations (if set)?,0.0,AAA=,NO_PROMPT,0.0,AAA=,*,SLT_DATA,2024-06-20 02:42:36.910,SLT_DATA,2024-06-20 02:42:36.910,
1.0,TOTAL_LAYAWAY_ITEM_PRICE_BELOW_MIN,0.0,Who is allowed to create layaways containing items that are priced below a configured minimum?,0.0,AAA=,NO_PROMPT,0.0,AAA=,*,,,,,,1.0,0.0,Who is allowed to create layaways containing items that are priced below a configured minimum?,0.0,AAA=,NO_PROMPT,0.0,AAA=,*,SLT_DATA,2024-06-20 02:42:36.910,SLT_DATA,2024-06-20 02:42:36.910,
1.0,TOTAL_SP_ORDER_ITEM_PRICE_BELOW_MIN,0.0,Who is allowed to create special orders containing items that are priced below a configured minimum?,0.0,AAA=,NO_PROMPT,0.0,AAA=,*,,,,,,1.0,0.0,Who is allowed to create special orders containing items that are priced below a configured minimum?,0.0,AAA=,NO_PROMPT,0.0,AAA=,*,SLT_DATA,2024-06-20 02:42:36.910,SLT_DATA,2024-06-20 02:42:36.910,
1.0,TRAINING_MODE_ENTER,0.0,Who is allowed to enter training mode?,0.0,/AA=,NO_PROMPT,0.0,/AA=,*,,,,,,,,,,,,,,,,,,,
,TSE_ERROR_MANAGER,,,,,,,,,,,,,,1.0,0.0,TSE Error manager  for Germany,0.0,AAA=,NO_PROMPT,0.0,AAA=,*,SLT_DATA,2024-06-20 02:42:36.910,SLT_DATA,2024-06-20 02:42:36.910,
,TSE_MANAGER,,,,,,,,,,,,,,1.0,0.0,TSE configuration manager  for Germany,0.0,AAA=,NO_PROMPT,0.0,AAA=,*,SLT_DATA,2024-06-20 02:42:36.910,SLT_DATA,2024-06-20 02:42:36.910,
1.0,UNLOCKABLE,0.0,If set then the user will never be locked out even if the number of incorrect password attempts is greater than the configured maximum,0.0,AAA=,NO_PROMPT,0.0,AAA=,*,,,,,,1.0,0.0,If set then the user will never be locked out even if the number of incorrect password attempts is greater than the configured maximum,0.0,AAA=,NO_PROMPT,0.0,AAA=,*,SLT_DATA,2024-06-20 02:42:36.910,SLT_DATA,2024-06-20 02:42:36.910,
1.0,UNLOCK_OTHERS_REGISTER,0.0,Who is allowed to unlock a locked register (i.e. currently in use by someone else)?,0.0,fAA=,NO_PROMPT,0.0,fAA=,*,,,,,,1.0,0.0,Who is allowed to unlock a locked register (i.e. currently in use by someone else)?,0.0,fAA=,NO_PROMPT,0.0,fAA=,*,SLT_DATA,2024-06-20 02:42:36.910,SLT_DATA,2024-06-20 02:42:36.910,
,UNPAUSE_SELF_CHECKOUT,,,,,,,,,,,,,,1.0,1.0,Unpause Self Checkout,1.0,AAA=,NO_PROMPT,0.0,AAA=,*,SLT_DATA,2024-06-20 02:42:36.913,SLT_DATA,2024-06-20 02:42:36.913,
,VIEW_ALL_BLACKBOOK_CUSTOMERS,,,,,,,,,,,,,,1.0,0.0,View All Black Book Customers,0.0,fgA=,NO_PROMPT,0.0,fgA=,*,SLT_DATA,2024-06-20 02:42:36.910,SLT_DATA,2024-06-20 02:42:36.910,
1.0,VIEW_ALL_TASKS,0.0,Who is allowed to view all tasks in Task Maintenance regardless of who they are assigned to?,0.0,eAA=,NO_PROMPT,0.0,eAA=,*,,,,,,1.0,0.0,Who is allowed to view all tasks in Task Maintenance regardless of who they are assigned to?,0.0,eAA=,NO_PROMPT,0.0,eAA=,*,SLT_DATA,2024-06-20 02:42:36.910,SLT_DATA,2024-06-20 02:42:36.910,
1.0,VIEW_AND_EDIT_CUSTOMER_GROUPS,0.0,Who is allowed to view and edit the 'Groups and Personal' tab in Customer Maintenance?,0.0,fwA=,NO_PROMPT,0.0,fwA=,*,,,,,,1.0,0.0,Who is allowed to view and edit the Groups and Personal tab in Customer Maintenance?,0.0,fwA=,NO_PROMPT,0.0,fwA=,*,SLT_DATA,2024-06-20 02:42:36.900,SLT_DATA,2024-06-20 02:42:36.900,
1.0,VIEW_CUSTOMER,0.0,Who is allowed to view (not edit) customer information?,0.0,fwA=,NO_PROMPT,0.0,fwA=,*,,,,,,1.0,0.0,Who is allowed to view (not edit) customer information?,0.0,fwA=,NO_PROMPT,0.0,fwA=,*,SLT_DATA,2024-06-20 02:42:36.910,SLT_DATA,2024-06-20 02:42:36.910,
,VIEW_LAST_LOGGED_IN_USERS,,,,,,,,,,,,,,1.0,0.0,Who is allowed to view the Mobile Device Users?,1.0,AAA=,NO_PROMPT,0.0,AAA=,*,SLT_DATA,2024-06-20 02:42:36.910,SLT_DATA,2024-06-20 02:42:36.910,
,VIEW_TEMP_STORE_REQUESTS,,,,,,,,,,,,,,1.0,0.0,Who is allowed to view temporary store requests?,1.0,fAA=,NO_PROMPT,0.0,fAA=,*,SLT_DATA,2024-06-20 02:42:36.900,SLT_DATA,2024-06-20 02:42:36.900,
1.0,VIEW_TIMECARD,0.0,Who is allowed to view (not edit) timecard information?,0.0,fwA=,NO_PROMPT,0.0,fwA=,*,,,,,,1.0,0.0,Who is allowed to view (not edit) timecard information?,0.0,AAA=,NO_PROMPT,0.0,AAA=,*,SLT_DATA,2024-06-20 02:42:36.910,SLT_DATA,2024-06-20 02:42:36.910,
1.0,VOID_DISCOUNT,0.0,NOT USED ANYMORE,0.0,AQA=,NO_PROMPT,0.0,AQA=,*,,,,,,1.0,0.0,Who is allowed to Void Discount.,0.0,fwA=,NO_PROMPT,0.0,fwA=,*,SLT_DATA,2024-06-20 02:42:36.910,SLT_DATA,2024-06-20 02:42:36.910,
1.0,VOID_LINE,0.0,Who is allowed to void (remove) an item from a transaction?,0.0,fwA=,NO_PROMPT,0.0,fwA=,*,,,,,,1.0,0.0,Who is allowed to void (remove) an item from a transaction?,0.0,fwA=,NO_PROMPT,0.0,fwA=,*,SLT_DATA,2024-06-20 02:42:36.910,SLT_DATA,2024-06-20 02:42:36.910,
1.0,VOID_TENDER,0.0,NOT USED ANYMORE,0.0,AQA=,NO_PROMPT,0.0,AQA=,*,,,,,,1.0,0.0,Who is allowed to void a tender line in a transaction?,0.0,fwA=,NO_PROMPT,0.0,fwA=,*,SLT_DATA,2024-06-20 02:42:36.910,SLT_DATA,2024-06-20 02:42:36.910,
1.0,WORKSTATION_CLOSE,0.0,Who is allowed to close a register?,0.0,fAA=,NO_PROMPT,0.0,fAA=,*,,,,,,,,,,,,,,,,,,,
1.0,WORKSTATION_OPEN,0.0,Who is allowed to open a register?,0.0,fAA=,NO_PROMPT,0.0,fAA=,*,,,,,,,,,,,,,,,,,,,
